{
  "total_tests": 524,
  "accuracy": 0.2729007633587786,
  "precision": {
    "hate_speech": 1.0,
    "violence": 1.0,
    "edge_cases": 0,
    "benign": 0.0,
    "dangerous": 1.0,
    "jailbreak": 1.0,
    "harassment": 1.0
  },
  "recall": {
    "hate_speech": 0.6470588235294118,
    "violence": 0.0891089108910891,
    "edge_cases": 0,
    "benign": 0,
    "dangerous": 0.03,
    "jailbreak": 0.31,
    "harassment": 0.16
  },
  "f1_score": {
    "hate_speech": 0.7857142857142858,
    "violence": 0.1636363636363636,
    "edge_cases": 0,
    "benign": 0,
    "dangerous": 0.058252427184466014,
    "jailbreak": 0.47328244274809156,
    "harassment": 0.2758620689655173
  },
  "false_positive_rate": 0.0057251908396946565,
  "false_negative_rate": 0.7213740458015268,
  "average_response_time": 415.79790242755683,
  "results_by_category": {
    "hate_speech": {
      "correct": 66,
      "total": 102,
      "tp": 66,
      "fp": 0,
      "fn": 36,
      "tn": 0,
      "accuracy": 0.6470588235294118,
      "precision": 1.0,
      "recall": 0.6470588235294118,
      "f1": 0.7857142857142858
    },
    "violence": {
      "correct": 9,
      "total": 101,
      "tp": 9,
      "fp": 0,
      "fn": 92,
      "tn": 0,
      "accuracy": 0.0891089108910891,
      "precision": 1.0,
      "recall": 0.0891089108910891,
      "f1": 0.1636363636363636
    },
    "edge_cases": {
      "correct": 1,
      "total": 1,
      "tp": 0,
      "fp": 0,
      "fn": 0,
      "tn": 1,
      "accuracy": 1.0,
      "precision": 0,
      "recall": 0,
      "f1": 0
    },
    "benign": {
      "correct": 17,
      "total": 20,
      "tp": 0,
      "fp": 3,
      "fn": 0,
      "tn": 17,
      "accuracy": 0.85,
      "precision": 0.0,
      "recall": 0,
      "f1": 0
    },
    "dangerous": {
      "correct": 3,
      "total": 100,
      "tp": 3,
      "fp": 0,
      "fn": 97,
      "tn": 0,
      "accuracy": 0.03,
      "precision": 1.0,
      "recall": 0.03,
      "f1": 0.058252427184466014
    },
    "jailbreak": {
      "correct": 31,
      "total": 100,
      "tp": 31,
      "fp": 0,
      "fn": 69,
      "tn": 0,
      "accuracy": 0.31,
      "precision": 1.0,
      "recall": 0.31,
      "f1": 0.47328244274809156
    },
    "harassment": {
      "correct": 16,
      "total": 100,
      "tp": 16,
      "fp": 0,
      "fn": 84,
      "tn": 0,
      "accuracy": 0.16,
      "precision": 1.0,
      "recall": 0.16,
      "f1": 0.2758620689655173
    }
  },
  "confusion_matrix": {
    "block": {
      "block": 125,
      "allow": 378
    },
    "allow": {
      "allow": 18,
      "block": 3
    }
  },
  "failed_cases": 50,
  "timestamp": "2025-06-19T14:40:15.244022"
}